{
    "baseline_1_no_count": {
        "avg_edge": [
            0.0031561166429587484,
            0.006549167765619988,
            0.00039183208214225285,
            -0.004426865512270648,
            -0.0011997145660511998
        ],
        "min_edge": -0.004426865512270648,
        "max_edge": 0.006549167765619988
    },
    "baseline_2_no_count": {
        "avg_edge": [
            -0.0011220606888476927,
            0.006489474011053841,
            0.003324910227423859,
            0.002882469625588892,
            0.002945762531672484
        ],
        "min_edge": -0.0011220606888476927,
        "max_edge": 0.006489474011053841
    },
    "baseline_4_no_count": {
        "avg_edge": [
            0.005214471154272145,
            0.001651260801813288,
            0.004084823005723168,
            0.0005085210439273744,
            -0.0010347206254311336
        ],
        "min_edge": -0.0010347206254311336,
        "max_edge": 0.005214471154272145
    },
    "baseline_1_count": {
        "avg_edge": [
            0.03143377403675835,
            0.021914761099741966,
            0.016275590940559786,
            0.02657698243485553,
            0.016595855078798995
        ],
        "min_edge": 0.016275590940559786,
        "max_edge": 0.03143377403675835
    },
    "baseline_2_count": {
        "avg_edge": [
            0.019911841223316632,
            0.022954912548927845,
            0.025050970538008484,
            0.016898527004909982,
            0.01966354153152107
        ],
        "min_edge": 0.016898527004909982,
        "max_edge": 0.025050970538008484
    },
    "baseline_4_count": {
        "avg_edge": [
            0.0038267462170774613,
            0.010547957589946783,
            0.021343628525864647,
            0.006727471567409483,
            0.01749524941729306
        ],
        "min_edge": 0.0038267462170774613,
        "max_edge": 0.021343628525864647
    }
}