{
    "f_PPO_counting_1_deck_linear_lr.zip": {
        "avg_return": [
            0.0002,
            0.00964,
            0.005995,
            0.00325,
            0.001725
        ],
        "avg_return_bet_high": [
            0.07768037761294673,
            0.08021210900792053,
            0.07559138363948725,
            0.0735575608422204,
            0.055088702147525676
        ],
        "avg_return_bet_low": [
            -0.006005292433979586,
            0.003959978822487061,
            0.00029751279305010117,
            -0.0022980816951858963,
            -0.0025999156784104298
        ],
        "avg_return_bet_dynamic": [
            0.10964,
            0.123165,
            0.114675,
            0.10547,
            0.080195
        ],
        "avg_bet": [
            2.40885,
            2.41531,
            2.43773,
            2.38966,
            2.42443
        ],
        "avg_edge": [
            0.045515494945720984,
            0.05099345425638945,
            0.047041715038170756,
            0.044135985872467205,
            0.03307787809918208
        ],
        "min_edge": 0.03307787809918208,
        "max_edge": 0.05099345425638945
    }
}