{
    "f_PPO_no_counting_1_deck_linear_lr.zip": {
        "avg_return": [
            -0.00228,
            -0.000755,
            -0.00379,
            -0.00819,
            -0.00408
        ],
        "avg_return_bet_high": [
            0.042482077116837824,
            0.08041257760865211,
            0.04667000500751127,
            0.05309247397918335,
            0.07297461312835037
        ],
        "avg_return_bet_low": [
            -0.0074321461227948886,
            -0.009759592952207434,
            -0.009387324334833084,
            -0.014993111723402364,
            -0.01253426253703683
        ],
        "avg_return_bet_dynamic": [
            0.081035,
            0.151815,
            0.08475,
            0.092605,
            0.133005
        ],
        "avg_bet": [
            2.96118,
            2.89734,
            2.89715,
            2.89848,
            2.87853
        ],
        "avg_edge": [
            0.027365779858029567,
            0.052398061670359715,
            0.02925288645738053,
            0.03194950456791146,
            0.04620587591583204
        ],
        "min_edge": 0.027365779858029567,
        "max_edge": 0.052398061670359715
    }
}