{"f_PPO_counting_4_decks_linear_lr.zip": {"avg_return": [-0.036415, -0.03181, -0.03247, -0.03415, -0.032625], "avg_return_bet_high": [0.01466455918510713, 0.021180889160625382, 0.026773474982864975, 0.016014387257000943, 0.005086071987480438], "avg_return_bet_low": [-0.04297950616169367, -0.038661336405009544, -0.04029865954170818, -0.040782129230211836, -0.03752627178015323], "avg_return_bet_dynamic": [-0.004685, 0.014265, 0.026905, 0.00138, -0.02151], "avg_bet": [3.16372, 3.17531, 3.21768, 3.21863, 3.18538], "avg_edge": [-0.001480851655645885, 0.004492474750496802, 0.008361614579448546, 0.00042875384868717434, -0.006752726519284984], "min_edge": -0.006752726519284984, "max_edge": 0.008361614579448546}}