{
    "f_PPO_no_counting_1_deck_linear_lr.zip": {
        "avg_return": [
            -0.009395,
            -0.000245,
            -0.006365,
            -0.01605,
            -0.00767
        ],
        "avg_return_bet_high": [
            0.024042011979978666,
            0.03215233986060405,
            0.015726681127982648,
            0.015534860721938356,
            0.02097931264597931
        ],
        "avg_return_bet_low": [
            -0.014035507271132976,
            -0.004684586346477464,
            -0.009373508759970004,
            -0.02041176336694512,
            -0.011572285597418535
        ],
        "avg_return_bet_dynamic": [
            0.046275,
            0.07338,
            0.02945,
            0.019765,
            0.040115
        ],
        "avg_bet": [
            3.31553,
            3.28988,
            3.27734,
            3.30546,
            3.27772
        ],
        "avg_edge": [
            0.013957044575075477,
            0.022304764915437644,
            0.008985945919556714,
            0.0059795005838824255,
            0.012238690309117313
        ],
        "min_edge": 0.0059795005838824255,
        "max_edge": 0.022304764915437644
    }
}