{
    "f_PPO_counting_2_decks_linear_lr.zip": {
        "avg_return": [
            -0.00355,
            -0.00294,
            -0.007135,
            -0.0079,
            -0.00459
        ],
        "avg_return_bet_high": [
            0.052995602784902895,
            0.040628680134070116,
            0.0470356093979442,
            0.03273648037619823,
            0.028365207796984187
        ],
        "avg_return_bet_low": [
            -0.010478873871851287,
            -0.00834635402030103,
            -0.013759202729394864,
            -0.012952261024038137,
            -0.008611597325075175
        ],
        "avg_return_bet_dynamic": [
            0.106365,
            0.082275,
            0.09024,
            0.06088,
            0.054025
        ],
        "avg_bet": [
            3.07404,
            3.09741,
            3.07024,
            3.10102,
            3.06644
        ],
        "avg_edge": [
            0.03460104618027091,
            0.02656251513361163,
            0.02939183907446975,
            0.019632250033859825,
            0.01761815003717666
        ],
        "min_edge": 0.01761815003717666,
        "max_edge": 0.03460104618027091
    }
}