{"(1, 1)": [0.004843218603657342, 0.0076484302698085, 0.004115757343845942, 0.002489933364216228, 0.0029065626891713846], "(1, 2)": [0.00044431806064052886, -0.0021431994462292117, 0.0006195677187516595, 0.004650997656749272, -0.0019006690000443049], "(1, 4)": [-0.0052217237894288905, -0.0019140151883514714, -0.0030249882632226977, -0.005021876605317698, 0.00140690533916152], "(20, 1)": [0.02598231081715413, 0.0266862154621831, 0.02636687499447504, 0.031303990054252766, 0.02668032152934462], "(20, 2)": [0.014842665909496833, 0.005115115754146127, 0.01771006150894419, 0.018541685885998055, 0.02813779532926458], "(20, 4)": [0.01132607021699668, 0.02265294988699244, 0.003129943433274038, 0.00845625734970726, 0.00237927688582881]}