{"(1, 1)": [0.005675, 0.006705, 0.00475, 0.003815, -0.002085], "(1, 2)": [0.002115, 0.004105, -0.000835, 0.001915, 0.003995], "(1, 4)": [-0.00498, 0.003435, -0.00532, 0.001395, 0.002385], "(20, 1)": [0.237885, 0.215045, 0.18438, 0.14028, 0.13693], "(20, 2)": [0.11177, 0.07648, 0.04297, 0.092745, 0.14855], "(20, 4)": [0.06161, 0.067725, 0.04123, 0.04197, 0.027635]}